user_id,is_active
8b4bd35d-5280-4c84-beb4-182e013a0f88,True
63bb60b2-54c8-493d-8080-d6eafffe86d5,False
b58f0cca-c1d3-4512-bb6b-8155d617f127,True
382c3101-4862-4db8-8636-e978b54c98dc,True
e50edec0-1e55-4951-a704-61aa724ed959,True
2fdb6d1e-7268-4a1b-9591-2f89105068be,True
b23414ba-6fbd-448c-8878-6de3cd46c495,True
af813333-7118-4c8c-9e2e-6dfee39e3a65,True
95240f32-efae-4d17-a294-9b32ee50d1eb,True
dcb7958d-36fe-473b-bbaa-780166f7b9f2,True
c0d9a1ac-ebea-4d9b-9afa-f210854877e5,True
79686f1c-f2ee-4b56-b704-32f4f5ade254,False
a2dc333b-8a04-4ffd-92cd-a1ae824f5817,True
93dde154-b525-43d3-a3d4-dd9bc8600d63,True
07f39b40-e772-41c0-b098-5c28ae2f82f9,True
1a771215-2b41-4bac-8e0b-08751c9b94fb,True
ae4ab67c-076b-414b-ba74-63a18047e9b6,True
853ac68a-facf-46ad-acc1-c2f5e02bcd85,True
6cf6907b-358d-43f8-bf9c-65189c8e8074,True
722b7e43-11b4-4584-a711-57f4e81d68f8,True
b0fa6284-8709-411d-904d-ca9a1d6a7c5f,True
1ee6ae1c-1c44-40cb-ace1-e59c11851e5f,True
32cb17e7-0f59-42e4-b070-46bd125feb6a,True
a2dc99a1-b7b4-4a34-bb55-7e37c8347bb2,False
d6a4efd8-8089-41ac-9b7c-5c149d4b6c2c,True
48ef36e0-1b45-4a1d-ad34-e3edeeb2bb16,True
08836471-b79c-4e73-b304-0f6967c9993e,True
05130124-a7d3-46d9-9a05-fe201757dae8,False
bab5832b-1512-47dd-8520-54b5e8bf0e75,True
cfceffa9-30c3-4cbd-b3f0-4ca054f0576f,True
3d2f933d-50a9-43d9-809a-2747c02959b9,True
49e9a6c1-f8e2-4cbc-a256-6dd38d19d56a,True
cb920e54-fc12-429a-a89f-bb8684fcf860,False
6698da78-9857-452b-8af1-420162cbe521,True
18bc6def-829d-44d8-8989-1e30f25c9562,True
6e1209fb-e5e3-448b-b00a-930fd74f5206,True
ead5008e-e652-4ed6-9f7b-649a0070531a,True
ba1981e6-c884-43f6-8dea-0d2e371616db,True
3118a0c1-a182-4573-a768-0fa7c833f70e,True
81a98892-77e2-4073-9444-7317c68bebd6,True
5643aabe-f543-43fe-a9ee-7a080a33d675,True
c37a00f1-2a58-4984-87f9-0b38edd335db,True
a5c89fce-fe7d-47c1-b5c9-377b3e0160b3,True
dc3c7a62-dfc0-48fe-ad7e-36d5eb34e623,False
345853ec-564a-4eaa-ba80-8f2a1bac2364,True
708070a7-0fe7-42b5-b606-999658fef2c7,False
7195582b-9a4e-4631-873f-a5157b0f4ea8,True
b94e3401-00fd-43a7-9ea1-fa7cf526021e,True
93ec59e8-15bd-4dcb-a42b-8939a34be97a,True
90b5285a-3c62-4133-9c0b-acd7be54cf9a,True
858605fe-a7cd-443e-84bb-c35dde3a1341,True
73b82ad5-e5ab-460d-80e6-759d178f191e,False
a103d5f6-6762-42a8-837e-e9cb0d26bac5,True
8777352d-31ad-4dc6-8fff-1fb38227ac50,True
05dbd1a8-2e27-4e51-88d0-cae6b42c07da,True
4c46fc4b-5ce2-43fb-a77e-e32c8818b692,True
0287356a-b551-4c9a-afd1-6ffd0fa4985f,True
8bc29923-53cc-43a1-add5-7d55ea202d9d,True
89b85bc8-918d-4b2f-b248-bcd854307121,True
d89067c4-4cd4-4335-adba-e89b99ad7632,True
72ee4712-f6db-4ca2-b2d8-8f2a8521ed26,False
4558c4ea-5e7d-4023-bb98-b43a85fe1cab,False
9b237185-5199-489a-9e84-cdac2dacd0df,True
02d57f6f-8b92-4b6b-90e9-8a06e524d534,True
9fe26581-c76e-434d-aa4d-afdcfe5f18a8,True
9369c78a-2823-4a8c-86a9-f8a47d25cc2d,True
0f25b1f8-d048-44ce-a627-8931ee94500b,True
0c6f65fb-6db8-46dd-9f2a-4d934e2c0284,True
2ad41d92-bfcb-486b-aeef-6220f02f685a,True
5ac30028-77d8-4170-9839-68d3a4cb75da,True
50cfc8a7-0e08-48a0-9da4-da08c63b8480,True
4a49ba39-db32-4af7-8ad9-373f56174cf0,True
8e109089-d28c-4c8a-aa64-664998deab04,False
0ad13cd1-5218-4744-91dd-e59f9e798e9b,True
fb00ca3c-0bb0-4747-aa41-00aef5ce303f,True
b293906a-399d-4b42-8b14-c2b7b991a63d,True
ad31ed50-7226-4f61-b70f-88ef94bda38a,True
23f600a6-e0ac-4c10-9b70-5c4dd33c0807,True
e4aa2c10-354d-46ae-8558-3c27589e6e00,True
67c0ebed-f631-4a31-9eef-8a66a2b38c71,True
a055720e-f59b-4e31-ae78-ec6a601881a0,True
1cb622c8-4d2b-412d-8e1b-4bc8cafe52ef,True
abdf1b45-6386-4c0b-a163-dc8743c09dbb,True
39daf68a-982b-41bd-9963-5368698579f5,True
fa95a03d-5e0b-447c-bfec-339c4d70dbe8,True
726b284d-be6e-4f15-a390-9bb5380fce86,True
ba3ca301-998d-4aa9-9591-5f777c989e99,True
f0a38d70-7ce4-4345-97fa-f1b987f35897,True
c2a8fdf0-8da0-4e02-925f-eac7c3efda16,True
eaa03f13-43c5-4d1f-b0ce-70cf8cbe2ec9,True
34672fc9-2f72-403d-bc4c-48550b552c09,True
d9e40ca6-d0ce-45c6-a4fb-227577bb5a8b,False
39752ce6-17f4-47a7-8b07-59fd60497b65,False
5cbf3ab0-1e76-4bb5-b3c3-9115cce231ab,True
96b8bc61-a167-4233-a22c-9c6d9f767f38,True
d056e37c-ceee-488e-8523-d05a27c6350d,True
bcaa3bb7-0409-4c8b-8f36-6e4a4b299914,True
8091b78f-8384-4f09-80c7-bb77ec2deefd,True
24b3d229-ef63-42ef-918e-477e017cb362,True
22267157-ec75-49ba-b7a5-0f5c1f224bfb,True
fc4ca8e5-625f-452a-9e77-25f8517e1854,True
88c15ee9-6b1d-41cb-8917-090c8d3c6f7b,True
b14a1bf6-653b-49a4-87e4-98b922869317,True
a86c5757-da63-45a3-9a25-1754935b8be9,True
79fd247d-9a47-4150-92a4-fe5ed6b47a82,True
06058d1a-ca88-4625-9a4a-ffe15765ede7,True
a74fcde7-08d0-4896-b4b8-8f92bd030944,True
50bb323f-88a3-4d03-9cb6-a84315a0669e,True
c6cf7284-3d13-47b1-924a-9d8dd39eed34,True
624f438c-9062-436f-8bd4-e649bb4721ed,True
9825b336-e925-4ffc-aad5-b0e23c1383c8,True
35fde484-e32c-49ef-a405-eeff10786ec1,True
9fa91056-d956-4fcd-b798-04924c6397db,True
7dc3fb6e-0b6b-4d87-803f-9f448d7eb03f,True
dc15e902-e9b1-4536-80b9-812feb5d1679,True
e3faa9d0-1acb-48d6-8fa1-db9b551d5513,False
8e81d3e7-a857-4889-80b0-1a62e44a0413,True
b217f3d0-1b19-461b-9cbb-bc75a2adacc3,True
64b5baca-d73b-4313-b9e9-a33c09fd19f3,True
45dbb660-1eff-428a-a410-b41277b31fac,True
e00b8ffc-83bf-4ecb-97d0-dfeaad76648a,True
a83ffef2-4020-466f-aa26-710ede66cb0c,True
e6df0701-3cc0-4069-bba0-09ca37182208,True
f3d5230d-4ddb-4e10-9d5a-0ee516d176a5,True
b5663b87-d16e-401a-975c-b39ad3dd37d0,True
fc8ed13d-c7cf-4815-919c-c3c3ff7a0bca,True
7b8abe2c-9623-40fe-8365-e972bd92fbae,True
1a630062-f71c-4ffa-892f-42053ff1fa96,True
d96cf8cd-68c3-4439-8a34-d50958b62aa2,True
b817b582-e8d0-48cc-9858-52bc6d997a7d,True
3e42f5f1-af79-4cfb-ab7d-d4b1ef9df0e7,True
59c3cf16-c32e-4bd5-bfdf-2797a2716dc9,True
3863b917-cda7-4129-b928-7601ffef4728,True
6ae2804e-6802-4b20-8699-97e073b5afe0,True
5519619f-8fba-42a7-8b8e-f69d93db4518,True
2e9a8ad8-7027-4e59-a11b-9a34cccf3730,True
6b3468d1-d39e-4226-9494-d30e9dc7789e,False
b2d7910b-8d52-4745-8e69-3e1e29156223,True
8c88c31d-d8c3-47da-aadc-5bddb72899d2,True
5c20ca48-a7d0-4729-822c-cbcc7ce53e43,True
5541d41c-b7b0-491c-9bfc-7ed684b0aaea,True
e03e7a55-6731-4b3a-8b9a-d5f73e23a2a2,False
3ec98a57-1ab7-4f7c-bd92-fcdefd913e79,True
9f02b7cc-2235-41d1-aca4-e76581d5200b,True
2f94c74d-1627-4b59-96ef-bf338d22630a,True
f82c1cc3-2e97-4602-a5fc-7c6938e4c6d9,True
24a11e20-8c8b-4f0d-bf13-6d9a8fa8e955,True
cebe0d58-4ed9-402a-be8a-ff183da94875,True
ac8b939a-ceb0-4430-9bb3-f16de0d4ab89,True
4c8e4c17-dd40-4e28-8b19-e7ba37279d1d,True
719b7079-21d7-461c-b0c0-22132c57ec64,True
4054ff05-266c-4b69-b320-e6ec83b8ff1b,True
225a4635-acfe-4178-b101-6ee737af1be9,True
7918adc0-6ac0-480b-87f9-9181ec5c4572,True
a8e482ad-1f42-4886-9f42-08dc0bfa61ca,True
768d14d4-e46f-4be3-84d0-07f79ee303eb,True
5bfa591c-5cd4-4f22-af47-b2c3c27f6533,True
c0501799-e93c-42a4-a24e-6a26c8898010,True
8d8ddc42-8076-4748-a015-826d9b65ee82,True
146e1b7a-2c9c-4f34-9aa8-2d8b71c02eca,True
b87c08dd-9bce-41f1-833b-f3b10e51663a,True
3634d4f8-1b91-47a5-bc45-e3fe8821c9fc,False
c0ea4c9a-e6e4-40ff-a1f6-a01edfd16acc,True
e1d9f322-35a9-4549-8c87-790e924c3c99,False
f2aa6893-05a6-4205-a989-578cacfed639,True
5860579c-cc97-4e15-9599-50eabb0ef3b2,False
b0a63429-a6ba-424f-bbba-276498cca684,True
55734372-9689-4263-8ce2-d87680ebd228,True
a8b3f515-7b03-45f5-afc9-f10e7cc9c8b7,True
4361ccb4-96c3-4553-acf5-b47bc2067349,True
a94728e0-5ccf-4d33-a27c-5a2715f9d1ce,True
ae48b2d4-a523-48fa-94d7-1fbc9f9ece2c,True
7fa72d74-fdd0-4529-b84d-3c50e3436460,True
e8f478c2-5fd1-49e7-9d69-3167bc175d8c,True
0f33b7ae-7368-4b47-b60f-ef20008bcc2b,True
1c178b78-1334-4d35-bae8-60f8f5a894e1,True
b1834bc4-d312-43b0-8b0b-3fc9ca2643ea,True
7011c99b-6586-4ad2-9c56-8417a7c98847,True
e7dd6c8d-c553-4454-b2b5-b425c083e0db,True
5b5fbeb6-d783-4d20-a114-8c5d513932e4,True
d5ff7337-810a-43ca-93d9-3ee6b3c6c862,True
a7760a78-b667-40c7-b63c-2ed2720f730e,True
dbb1488e-b9d0-495a-8a94-c7b301a64a39,True
29dec299-a9b2-49f2-95fc-c35c550d8204,False
acca5e27-4473-41a6-9912-1c39933f3686,True
98d166f4-a22e-4f0c-ac3b-0cb5726dd1e4,True
2bc8092d-1605-4cf2-9a79-7abcb28f08bb,True
d00f0a8f-bdd8-435a-8566-bef587560c72,False
0ff993a4-6e7f-40ef-9c68-a1a153f30a0e,True
44c4b24c-341f-4157-afd9-f454f9d1d792,True
c648673a-b910-47f6-8b17-c1a67b189da9,True
0fe556b7-2f14-473e-99a5-b3465a3f13f6,True
6aecb04a-ec94-46a1-852d-f52460c0ace6,True
ff1ba73a-c4cd-4ffd-8156-faac0a187ef0,False
1e254309-f8e7-4547-a25a-378fad89595c,True
61404fe4-2686-4a84-a9f5-51e33a514eb5,True
8f453649-590c-411f-abbf-e6ab87f18888,True
727a6f4f-04c4-42f8-8fe0-c1da73328f9a,True
f9c97997-56f6-4817-96fb-7393dad8403a,True
ccb547b6-a32d-402b-bb6b-96f21b297d42,True
cadf89ea-df40-4720-81ca-9e7be0eb3275,True
5840e2b5-c38d-4657-b339-cd3cef327af2,True
32fd2d6a-fde5-4af7-a783-c53a7adb3ec7,True
8a2a9cac-247e-41f7-8e2e-6d88b6e3ea8e,True
94b27ce2-840e-4150-b405-3aa968c05acf,True
4c93cee2-651d-4949-9f79-83a4301dadb4,True
11a5ca8e-6edd-4992-8e30-cc7dc2a0f0c6,True
da1e70e8-4a5b-4a7c-ba6e-94aaa1f8589b,True
06b3f994-f867-471a-8e7d-3615d5566c0c,True
e52a1877-8505-40df-b9e8-f034300a60ac,False
9cbc8911-0f44-4f31-9248-ca145d842692,True
bca72c7a-def0-4778-bb7c-b7749f83eece,True
53954ed6-1b91-49f7-816b-307a6257640e,True
d9c9a1cc-b044-4dc8-b3ed-00eaea35591d,True
b6021788-02d7-43c8-bb2c-a07a6b542646,True
60b56ffe-46ca-4a40-9eaf-ef2cf39ff94d,True
d0d485de-fa00-4f15-a238-d08292fb3073,True
78730b32-4ae7-4725-b2e7-c5dcc157c8e6,False
913c5372-3065-42d5-bfb5-56b3795318de,False
d6e4d441-93c2-4537-ae7e-195574402dc8,True
d2b0bf23-df6a-4a47-9bc5-abb56dbaca16,True
39c98e51-b71b-47aa-86ac-72a2b92f4a78,True
150ee541-3f84-471e-b60b-37894510cb99,True
ec8a461b-6dae-4492-9088-7619f42b7300,True
c72802a6-c982-48c4-9aeb-07fe27e1cc97,True
db88174b-460e-48c0-b91b-6cd67f45125b,True
440ab2b7-77f7-4df7-9558-c21d9be46dec,True
6fccf1be-45ef-4b68-8e79-7d8de2d5c464,True
6c55a231-04f6-4601-a84d-385edecc22f7,True
c47cdb50-bad3-4539-aab2-4509a372b60b,True
a3a6b3cf-1955-46fe-b6e2-283f68ac32c0,True
2c425a1f-6f1b-43a9-a408-a7d237b67dad,True
cb738983-9491-4021-bb38-2eafbfb4c368,True
428f9e38-2ca8-4547-9e7d-ae9a57c48096,True
1e0abc40-094d-4f74-875c-c11c0dac8701,True
e905bedf-fed4-4f87-be9c-4d90ee59cde6,True
18b35c60-d173-4729-aefd-04c763ada76d,True
5781e9bd-9e5d-4564-a8c2-ad2901d9b315,True
974c971a-6835-4466-8e24-d243675e6797,False
0457768d-ecd1-4a9a-a4ff-688c24b2cfe5,True
89b8ae54-3214-452b-98d1-699a58328fe6,True
796cb6e0-2cde-4768-8c11-32c18b1296e1,False
a2bf0b6e-0905-4574-bcdf-e20554cb0b99,True
c08407c1-36e4-4266-aa04-2a3b9af91501,True
0050f393-82d8-42d1-bbe9-fe3fbabe5c16,True
7bb10702-bacb-4cbe-af08-35e0fe54a519,True
f3c52057-9d43-4070-8474-8631a6a380c0,True
456fb43e-94e4-41f3-b8a7-e8806f30da60,True
3eccb0e6-a95f-4171-8a0b-c6cb7550b0bb,True
9de60253-5f9a-4de0-9a66-4b3b28ee6dd6,True
9dd451db-a05f-49a6-9a32-a86df4e97255,True
188d3da8-ff0f-47f7-bae0-686335d86b8f,True
7c4e664f-92bd-4168-b3b6-a95520db50dc,True
eb70cdb7-43e1-4441-982e-e4ef4b303cc1,False
0c063af9-e2f0-44c0-8c5b-b1e18b969669,True
97ae7453-d6fd-4d41-8846-2535ef303e6e,True
95919c04-03f4-4123-9426-241e75da4862,True
fa07444d-6c54-45e0-8685-c46dd7d93fd5,True
98d636a6-131a-45e6-b823-40ddab66099a,True
2dc1d20e-f97f-4f3e-95fc-b95afc2ce01b,True
4ae076ee-6bde-4e10-94cf-97d0a708df72,True
9be0a209-e6b0-43a2-a5bc-b7917caea134,True
a9a232df-0e88-487a-bf01-f912df331c14,True
a9c91733-582d-4a15-89b5-191dca5119d2,True
cb98fa31-b728-45ba-909a-3a2603077403,True
0638de3e-e71d-429b-a333-c72c0a88f143,False
1ecf32bf-4e60-4837-b82b-b745ad7b1b8e,True
3d8f13be-0e55-46b5-97b3-892e7ab9b7a1,True
9a2bf4c4-d72b-4741-9814-ec080a2d1f37,True
6b8f30b0-4c3d-4dcd-84a9-95d957bc7e0b,True
251f846c-bba6-4839-8f14-0d1702a0314e,True
9d7a2fd0-cc6f-4316-b383-5fbd9985fa9d,True
4406b9e8-0e52-440a-8fd2-cf7148d02a9e,True
38a0e4e4-3c0e-4bc1-a808-9315a7a7d59a,True
02b4188e-6c56-4e2f-9375-ef9b44fefbc9,True
eb2c7614-997b-4356-a4f4-65a219d4154e,True
1044e0b7-b34b-4363-9a8d-69414315a65a,True
37738cb5-6001-4a8d-9f23-0e17062872d8,True
db0ee797-64da-43f1-ba38-47f3ab4ed80f,True
0ec25f25-c082-418f-8645-fc62d6c3396c,True
313e9aeb-f641-40d9-915d-ed6d3a7e6e42,True
4139cb35-9a12-407e-9267-7be7d4859f75,True
8c6484d1-644f-4f58-813c-91bdab623875,True
ce3ef283-cb16-4af5-95be-c8fb67925961,True
fd432969-b328-4e2a-bf2f-e3b22b1b823f,True
413d1d0b-2c1d-44c8-b250-27ee409acd08,True
131dd53a-67df-42b9-bc5c-06d7b3e395ab,True
4afdc74b-ef0a-469b-bfa1-b123267a49af,True
4b587a37-9273-4a9f-bc8a-eb977b6ae658,True
de2f52eb-8e80-4ca7-b449-6ed1e1dbc4ce,True
047eccdb-d54c-448f-a3ae-baa5e27ee181,True
c272e364-8937-4ad8-a916-3a0953f31fd7,True
438b908e-65bf-4d97-846e-d6a66b51fd53,True
b65d5718-a344-4493-a191-c4a100d09ebe,True
237a4384-e39f-4488-a0c9-6b98eee229b2,True
12fbf1ad-9b22-4156-83f4-83a44181a5bc,True
8d2405f9-9f42-47d2-87d0-a06ed09cd512,True
e0ac44a5-e659-4bba-a56b-185131c205e8,True
89235b7d-fb7f-4c4f-bda4-d7e259bac0df,True
68f2f3dd-edf8-469c-bfc4-fb304ea732a1,True
0f50156c-50ee-4d4f-b426-62cae0f190c9,True
c24ce169-c968-4536-bd22-51ac01b560d3,True
f4b2b76a-f472-4fc3-a28a-abf17ca5f479,True
8d671cb9-2805-4fc7-9f40-9cd700603c12,True
9c4c163e-ccd7-47c5-b487-2093efce9f67,True
3d015f67-20b2-48b8-a569-b29319bf3952,True
9989c59b-eb88-4e68-b659-3d13a04044c1,True
7b837b8b-4e86-4192-b98b-1dff61bde94f,True
cd0c723d-10e7-4b0d-a409-e1851237807c,True
fbb7a604-f2f6-4a53-9d27-314524861d62,True
2f565ee4-bc0c-4235-9300-a9a9d2a88996,True
3963641c-0f14-49b8-952e-8f9d2f7ce37e,True
dae9b3d4-af6a-4409-b77f-7d056ea4e0e6,False
d284438d-3e9d-450e-adb3-4c5601620fd3,True
41cb02c7-34c0-4ccb-801d-7091f72a00d3,True
975f6d34-f709-4aca-a05d-77574c155456,True
530090f0-0364-4448-bc0a-90522a98612c,True
74a495f8-7401-48a1-b37c-32a95cc10dc5,True
29813536-84c2-48e1-add9-77ab9e2fa226,True
3542265c-f779-4fd8-b21d-59755b88dbbd,True
1cddf874-7316-47c1-9cd2-d2e4a2664d89,True
1b88a376-d490-4d89-a2e5-047312aea785,True
dd2c436e-fd52-41e6-ad04-f6ecd345b8da,True
76ba3323-c00c-4259-91b1-a84967993cc5,True
4ca15626-17b3-4a50-8b59-dfdc06258cc3,True
20576ef8-c9f1-4760-8fc7-3b4f94c202a0,True
3aa4a25d-b496-4cb3-b040-122f67dcefd7,True
aebb8616-87bd-4493-9206-5360eedb78a6,True
231b23d7-d359-4e9d-9b44-cccfcf9509ab,True
1c7160f7-f4db-4764-8cb6-ae8dc508e9c9,True
ed40f156-39f5-4dde-8805-52543ace3202,True
868fc0f3-ad09-4c0a-ab26-f97a900ef8e2,True
2375d750-fb5f-417d-910d-7957d6040d2b,True
eaa4981d-d5d4-400f-bbef-33fa4d0d5674,True
29a4af02-df85-419b-879a-62a92814ba51,True
c81a5ac7-06f7-4270-9fbc-87d8a4d93396,True
488dd848-dc9a-4fab-b779-b08e2fca3ffe,True
0991ac63-31d3-4347-ae0c-f6c20c22f50d,True
f00ce057-a270-42c6-8df1-040eedddea8d,True
39602ba0-1772-4e6c-b4ab-0e1e928862a7,True
2773ab44-c071-48fe-9674-2f4da12b40c1,True
77ee0f09-3119-4e42-bfb2-9a8d7553a43b,True
6ab55426-7b88-477a-b0a2-2863334d975b,True
7497d5c0-991e-431b-b7cd-d29607d457b6,False
d79d057c-30ad-4865-832f-027bf874d7f1,True
f701be44-4a1e-4e22-b22a-6461706d3f96,True
61606595-6474-4e9b-910c-ae9884b4a02f,True
01a7638f-a998-4b08-8448-e0bc511e6cc3,True
a8e5837f-d386-4963-8f6f-947a8bd9e539,True
89b048e1-e467-4ba4-8341-e92c53bfea49,True
d68eee9c-512f-4bfe-b521-79dde13f47bd,True
3b2bc1b6-4e70-481e-a29a-c26e8ffefc0b,False
d41125c8-c287-4907-ab3e-6796cba9675a,True
1d56588e-720c-49fa-9e1d-92d18d1cd513,True
c830bf7f-2ed0-4f6b-93ef-cac0287aefa3,True
1fce61e3-1d44-4097-8834-3329b8128bd3,True
9af4edf8-4985-4cf9-bb4b-26e410024fe3,True
4daa0902-429b-4045-92da-5f11eae43006,True
5c983a4a-6658-428b-8746-df633e0d4391,False
77365014-76a0-4ce9-81b9-3feeb6ec20ef,True
7cd44fef-acc0-46e0-9262-350635121562,True
b608cd69-9265-4e1a-911e-a0e379efb4e9,True
633127cb-bce5-4923-90a9-9fed9f34c492,True
dd1d9089-894d-4747-b8ae-a067a8161308,True
5a33c88c-f417-4be1-bd25-ce96b29cf9ee,True
14d2ea8a-c1b4-4e4b-bd4c-3462cdfd10c9,True
11e470aa-e34f-415e-9a57-699ba18df09e,True
93bc0f3d-bd8a-4910-88e1-560ab0ecb60b,True
5050d3ba-a511-4829-a2d2-ad3fb13b2e55,True
ccfa9aca-aa9a-485a-a8bf-e8e1caf88057,False
3b27e841-78a0-4f97-bd0c-d53f03dc9839,True
41427dcf-51f7-4fe0-97ad-9a2d2c9c0e6f,True
5c67df30-8ab5-48b6-8a0b-1928060fa31c,True
18be8531-93f9-4cfc-bee6-af2e85fcd34c,True
c88d80ad-da87-4e26-b229-cbbcdbe0ebfe,True
8e95c9de-4a75-4137-aa54-e330bff27ccd,True
83ecffd6-feda-4db5-8f77-304b788f57cd,True
2a86cabc-b188-4796-9788-479f69a84d90,True
de7b325d-ce65-4355-a3d8-723ecb41fafa,True
998b453a-7f22-4bcc-998c-e200f2f87807,True
91ce9855-e744-405a-9880-5b03800757ac,True
18d14912-3d88-488f-997b-9fb6795d6ff2,True
9fd91927-3584-4db4-b0b3-e3aa1d5d273e,True
e5ae5772-75a3-4952-ba7b-f101e7169176,True
9bcf7494-c24c-4503-b182-8b5e88015b44,True
61396c72-a68b-4bf9-9eb2-9022735277c4,True
f703dc64-75a4-4a0f-8a0d-fd11994cfe90,False
1db0d1b1-e18e-4f83-9f8a-56aec99e6c06,True
a2c4e957-dc66-4da1-9e57-5b928764bfb1,True
2d48b3a5-8c2c-4f3f-9330-893bb85cf76b,True
5fe6132f-82b7-44d8-8ab9-e138c7a67b95,True
0cd19ad9-ce64-467d-abca-da702f7ade11,True
de6a84d7-ae52-4424-b829-91b3fc4a9217,True
3fed7dff-3ea9-4d83-be73-8ad45214a96f,True
866125f8-a5c2-45a7-851f-e63933c97ed3,False
83511c92-e349-4a6a-8867-6461e85a254d,True
2748ff0e-ebb0-4984-a091-8c336c0532f0,True
44e7f1c1-3103-41d6-90c8-0765071c9733,True
9ecd6000-4847-41d2-8fcf-9c5149805993,True
e8d3341c-846c-4ade-8763-8203032b0fb4,True
6c71651a-01ca-40fb-975f-574b2e723b81,True
33fe72d6-3c12-44e7-a7bf-ff88813b26bb,True
341b6f35-f6d4-46f1-b836-a5f6b113ce71,True
c91c08ec-3c42-479a-aa5b-f6a09821e39a,True
923b40e2-738a-4c1e-be76-d6eb7e92d363,True
5a9522db-8e23-41e1-ab1c-36386146f7de,True
22938e47-0e6d-45ae-bdef-875c7634a12f,True
b9583d80-ab9d-4952-aaf7-c2d1a5b781a8,True
3297bf8c-b11b-487c-9d97-6fa136151fea,True
6100d939-8409-4c54-a243-e04e48684eaf,True
29e07130-80b8-4fe5-b17d-b4d46ce2276d,True
aeab974c-4a05-4d59-b970-cf6a1351ac39,True
645bb4e3-7b63-4aef-986c-badc821e924c,True
cf94b961-e5cd-48ce-9110-f185bd4b4490,True
a96ce21c-f352-4db1-aae4-eeb44a99dfbb,True
a74eb16e-46ff-4f02-b1c0-8b5a35dcd885,True
11135d34-32fb-4631-8697-703380b98923,True
d6175620-9b61-484e-9b97-1e50d40b9669,True
7d559fd1-f89b-4486-b0f2-a78728ee2ee0,True
938c4b1d-4da7-462d-b7f3-3d0c88b8b980,True
97ff4416-b602-40b9-bbbf-3f0fa8d81d93,True
7a59e3e1-aaf0-4b59-9eab-dd2d2642dfa2,True
3ba4b6dc-f91d-46ee-9d91-3842c3370774,True
3a052eb6-0d59-4400-9985-1540aa01f86f,True
ffdeaa8b-6d50-4b78-a1c8-982fef1cf1b2,True
bd94979d-e672-4f9f-bf81-851a72d7f5e6,True
bc4c3675-75cc-4a4c-bbc3-dc1030d71e12,True
45bfbaa7-9859-4c04-8ce1-20b1f1226e00,True
cc5e82f3-7034-435d-bf44-4059b9b978d9,True
f2809a4e-2050-4580-94d8-075b26544b64,True
29622efa-4503-4925-a872-69845aa95fe8,False
e9b70cb4-d20e-4274-8a11-6785737e7edf,True
e1762496-3fda-4ae0-b51c-316eb83f6f2a,True
7f977cac-758b-4d28-a070-83b09d342d0c,True
bd8c7801-f1eb-420d-a842-a3f631dfd2d6,True
1df17292-d352-4044-af41-343f8a0c4f09,False
e352fd9a-ee73-4763-a52b-91fb015ef45c,True
6c3052e1-ad04-4b0b-af0c-82b3c0c52e5a,True
48a3b6cd-ad8b-4dd3-b96e-cfe71198baad,True
7935dca2-a3f6-4695-8eae-456981df6e28,False
8810d5bf-c350-4ebe-bb11-489a8d773368,True
e78b6282-fb62-4c7e-aeeb-2d97b09b1e50,True
77ba01bf-e843-4c3a-b9b1-c9ea067abdaf,True
6867054f-4a5f-4500-a55f-df77142c53ac,True
e49d2426-0725-470d-8c4c-e3791e532068,True
2c7d24e7-0112-413a-a8f3-6df77b20f868,False
51613be7-0165-4e8b-8b5d-43d7b0b7ea84,True
72c7b559-b6c9-4557-8a04-0cf2e35ec430,True
ab5b1d0b-cfb4-462b-b3bd-e81fdf6e7037,True
07189c26-585e-49f9-bcf4-672ededb8494,True
f3ed7cd7-dadd-4e06-b0b5-5ac862394a85,True
b21c3306-2738-42dc-a6e5-16b32f346dac,True
4a8c6768-83b2-4749-bb7b-2a3dcd193743,False
f6085f5d-ceb7-4b0a-abbf-c6ce903326da,True
3e1b6c11-cd42-43a6-a08e-57be7fb864f1,True
336fed4f-f71d-4729-abd1-f80b238fabc0,True
6f8ebe8f-544f-4511-99b5-72a5311da704,True
9b232ad2-eca3-421a-ab19-a26bc6f2018f,True
7f7b700c-abe7-4dc7-bf22-da6d7acb4f34,True
c077bdeb-6bd6-4ca7-a25a-b83576ac7ca2,True
159b98e5-3287-47f8-a9d6-1f61c62f70b4,True
28cdbfa8-88ca-4389-a451-5f6ce99c8931,True
01aef506-6b2d-4145-beba-424e77844140,True
9faacaf1-bdb3-4507-a830-3f73f43dedc7,True
8cab75a4-3267-49b0-ac47-5acb94da0ddc,True
19b1d0e4-53d2-449d-91cd-82922c318597,True
ed1d87f1-4910-4116-8651-c270d918c100,True
a279d1d3-3d19-4354-9921-d8c3b9b6d6dd,True
f80b2086-0d9e-4575-8957-67a090dea258,True
16d8ea02-6b9a-4830-a695-2431a1c617ac,True
652e2655-de53-4dc5-8847-b7a7da275c00,True
b6c3db5b-f425-4375-8877-5df2668347a7,False
487775f9-11a0-4694-87f1-a63bee070e34,True
b34ad81f-3e6d-4594-a827-3b93455c7b3f,True
bc76edeb-71b5-4acd-af4d-383e89768352,True
56d5fe53-5120-4a43-8fff-8ab5b4a1d2d3,True
f56e1e49-df8b-47fd-9234-8a1ceb04176b,True
464293fe-91fe-4506-b080-88401ef6a0e6,True
8291bf77-a8aa-4fd8-a46c-8e6da7ac379e,True
a926eafd-3068-4651-863d-49e94e06ca48,True
0ebb1ac9-af70-4514-b854-f7091ce4aeb1,True
0dfc08a8-23cf-4682-91f8-7d17ed419f21,True
2d3c19ae-604b-4422-9caa-c233ba93c4c2,True
08884819-c89f-4c50-b791-f91542541397,False
74d6f970-6e4d-47dd-9ec2-28d1ff47bc6d,True
52bc97bd-32c5-4667-ba51-15f3085aa384,False
a5be775e-5fc3-4bdc-b874-bbd68967309b,True
64306128-ea38-4d20-9cb2-be93be50f4dd,True
3b77b51d-4216-44e0-8373-43302744710c,True
f9744f68-93b6-4ee1-99fe-28bb923eb003,False
1b0283e7-0d1f-4ba0-9dbd-383018c2141a,True
a0897293-01ba-4ea8-9d81-b83d7b9a70ae,True
7c1a950d-8ecf-4fcc-9a31-2314676fdfdd,True
c2a9db0f-96e9-4da6-9d60-3bfec3c8a2fc,True
5cff140e-4c61-463e-90ca-58318a918531,True
7187ae52-2519-4608-80ed-4b704d9afd62,True
5fdda0d9-cf5f-4eb7-bebf-774e72905a89,True
069a2581-a507-4432-bb8d-1dd59f3e1b2f,True
ba77d051-170e-47d4-ab9f-d2ca23a55a3d,True
1af14272-192b-4232-90c8-031af5f050df,True
8fa92319-1280-49c1-863d-685fdc55605a,True
6ba6d5e1-9976-419a-bd2f-ec2133c629c5,True
723ba767-564b-4f4c-8643-0afae4364a8c,True
72377391-f3e8-4010-86a7-94730abf69c2,False
bc47930c-1329-4417-89c4-9d63d8d48e35,True
a9883f9b-2bac-4ad8-912d-34b422391f89,True
4ae376bf-51d6-452e-89fb-425fb2cb0926,False
9bd55b6e-0077-4895-a6e3-eed844cf450d,True
52fda78f-2a68-4112-a097-670a49e5d58d,True
1a957fc1-b406-46e6-a37a-f6ee0f4a2856,False
1115e147-e7e7-47f5-adbe-ec133e785439,True
2729ea59-f7fa-4a09-8561-8099d0cf39a8,True
27dfbaba-74db-4014-ae75-baf26997902e,True
171e95ed-9e83-45ad-b819-f538729b8e79,True
f603d746-19ad-4476-96fa-600f82c9236c,True
f3ccccc6-3a48-4f2d-848a-cce1d3890d93,True
b7d805d5-61cb-4539-aa8c-b84d17863e70,False
1c4e8ff2-3398-4755-b9b9-3796ebf81019,True
3b772132-1344-4989-9801-a2afde97acb2,True
7b4eb0a0-06c0-48e8-bf7f-52f7178f6f1d,True
0fceb341-6567-4f0f-ae31-96a802493585,True
390694fc-c7f7-4f1f-bdb6-db5fa2a0269c,True
30762fc2-1001-4ad5-b56d-7fcab4ae73da,True
efea4656-dab8-4746-92eb-f19e2b58174b,True
64ba6762-d49f-44cc-9779-cb1ed472b66c,True
8c77af3a-76a3-4890-af86-eda7bc84e6bf,True
46266b94-e518-467d-8e9d-852bf02a7258,True
74454ca4-2946-4fa7-9fba-df46ab4b38f4,True
c7fefa18-dc27-4d6b-aa3c-88fc4ad67b7d,True
939c3510-85c7-477a-b58c-2c78e9a51644,True
10c00ae0-3e24-41a3-b26e-57ea3db94eb4,True
313c47da-2328-45a4-9ba1-a41bde1943be,True
26ca3d30-38c4-4219-8816-9e71bca7ce7c,True
b0e74589-e50b-4a70-a910-1124356d64f7,True
7b745ad9-5851-4df8-915e-91e1b0408535,True
50b72654-901a-433c-a2a7-e0346b1964c2,True
54ae8fef-b2a7-4f3d-a4ca-42c027f3c058,True
7355590d-27d8-43ee-b6e2-c707b673a552,True
de163c58-0872-4ec6-b251-5f570155a33d,True
7e82ad90-9eea-4d91-93f6-753c011043ad,True
48fc5b2b-a2a5-4f61-80a1-bb86e01a9ee7,True
f1d38af7-f72a-422c-8e74-66250fbf9ed1,True
1e40eac6-e2e8-4be3-830b-d867b3f894fa,True
25f3b18c-6e57-492e-aaa5-1011028bb907,True
23e1dc62-38bc-4634-bda7-70717f2dcb5e,True
e0043d9a-dfd5-4d31-9e97-85e362d25091,True
ad4b1a12-fc02-4782-bbf1-3e9b7582aa9f,True
af7c7135-4e72-4e0d-9c07-b0f7ff6fefd8,True
6072eed0-7201-4766-b784-38e66fe4c664,True
d4464e80-3865-45ae-9c34-257ea02776bf,True
7a1bd1f9-4fe2-401c-b7a7-aec72602ad8c,False
fd4042d5-742d-44e0-9db8-3116a6426edd,True
e5ebed93-f641-48d1-bdaf-7dc70a3f85a0,False
836127e3-00d9-4341-8974-55e683896a28,True
5da7b4f9-56b1-412b-9281-808ef04d57a1,True
fe5eb774-7188-4917-ae4a-f8adb6aeaa8b,False
c4d08f1d-5631-446d-bcf8-758727398173,False
f06ca26d-6daa-4eae-a5f9-5ee22faa2a90,True
01532a33-63e1-4b9f-bfed-e1dceae5a200,True
3a3c4a6f-f223-4e50-b4ac-1ef9c1b74a7d,True
d23888e4-1c12-4aa0-80b3-04f9abc31564,True
a997798d-6795-4355-8007-e3732521dade,True
8c6ccf0e-bc9f-4c86-b495-8e7d485d02ba,True
07c6c27a-45b4-4d5f-8dcd-90604fa6d89f,True
93e8fa25-1b4e-492e-853e-e5c95ebe7160,True
951e5743-58c3-45d7-a7b0-cdcf289a0436,True
7f6089ba-66cc-4218-8e32-a7c63503d127,True
e9821e81-a9f7-43c5-81ba-09bf35a78a3a,True
27c71da4-38d2-4754-a162-4969ae99cb09,True
cd33ae99-c83d-4a8a-98a8-df474117d928,True
f9c2fe4e-b150-436e-aaeb-4620e7b3a544,False
dc229f91-7c5c-4d10-9f0b-f279d7786e2f,True
65ecde35-07a1-4d42-ad23-a89a87260f05,True
48dbeeef-e71e-45b7-a27f-b2a63826e636,True
2d2dd446-60e3-4c3e-8952-79b599845564,True
50ed5886-eff6-43f0-8184-2441746b6733,False
fa6bb7bc-df67-4399-a187-1cb1e9ebadff,True
6f0dce2f-9d5d-4a1f-9d8c-a801b1e5a0ea,True
0b0f5773-01a5-4b14-8399-7828e2148813,True
69afd65c-15ef-4e7b-b774-9feda28d9064,True
a543f513-5820-4726-af06-f9b12424a88d,False
b187a4a1-284d-4a8b-baf4-123db5bd07a0,True
4871c59d-de95-46ee-87c3-10b34c732c66,True
53207515-ead1-49c4-9379-0c2e1383d825,True
c780c028-d577-4c47-9c57-a478678cec78,True
3288b2af-6cc2-4147-9c6c-267e64dbf91f,True
98c0ee7d-3de5-4496-89ae-670c924d5b4f,True
f93c541a-7aa6-4dc6-93fb-7bc08b62debc,True
c15403c8-0068-4f0f-80ef-c34ecac918c8,True
a88f9c89-0da7-4a9c-a24b-f668912a7f02,False
ccfa1bde-d5d6-4511-bce1-6bdbacff8fb5,True
c36769f7-17a7-4825-ae32-deea4d20ae60,True
de5529ce-4a1b-4b73-b1b0-b3361c90cca1,True
e3a978f9-6af1-4efc-a48f-4da5b3157ad7,True
5a7e2386-1fff-4565-9b28-c895c602d5bd,True
22fcee8d-970d-4f19-af58-b39f09ea1405,True
7924e48d-842e-4cab-b844-798516540912,True
34ae051d-af1c-4f8c-b8c0-f6fe4f5ffcb0,True
27b9238f-0935-4dc7-8856-0458b06ddd90,True
4c9d9864-6261-48ea-ba4b-8967f448fbe0,True
1e8831e8-dd69-4b31-9bc6-215831f450a0,True
4b50505e-3366-4ff7-a3cc-f80dbb6d9cbd,True
179d1afe-7bb8-4436-bf88-028b11120a46,True
fdb7e787-0145-46de-afdf-1b6b434d3052,False
39ccbeca-da82-42a2-9dbf-1be91925bde6,True
fbec60c9-a7cb-46db-9902-b2b2f8b56e43,True
b4effec9-cfe5-4b25-a146-a7d114a09889,True
62811050-5014-416d-9c34-2f8cec79a434,True
18a1a629-1a95-44cd-8ca0-e6c0359fbdd0,False
2677ca52-a363-48c5-aa24-b9eacdd0d3e8,True
c726c768-bb74-4af1-b221-c566284c845b,True
3fdc1c56-b601-4d01-bd1f-73e3235834d0,True
346e36cd-a0c8-48ec-9c0b-544b0eddb2bf,True
fe0b1958-34de-42b0-9eda-7d370948d97d,True
5d468b15-221a-4baa-bdb1-918b3cb3bddb,True
bf5a154e-8dbb-4cfc-81ce-42c826229157,True
90e1cfef-c59a-40e3-a75d-8811231e3c4f,True
e229177c-da28-4b14-8f4e-3cddee33951e,True
d0326d11-05c0-47bb-9ca9-ef93028c12dc,True
5e386ec5-3f14-42e0-af80-c857231e261e,True
372f84ac-a742-411d-8190-7a7d32dffe69,True
6eaf353a-68b1-4810-a13f-ae4e79592d70,True
46ed57e4-7ad8-4a0b-b540-dbb40d38d249,True
e62bbdeb-a1b4-4ce4-8646-d4c0481c2bb1,True
976faf65-1755-4b68-834e-c8eedb336e6e,True
50384e86-3e06-4a30-bfca-66d4aebfe179,True
211d1a34-33ca-4cca-b781-6b0036847607,True
203a3846-fe83-4904-8bd3-9743af1d12ef,True
a984bb53-21a9-48dc-97d1-2b7034905fc7,True
305a83e9-e6cc-42f6-bcb9-6f9cfdaa61a2,True
3aeb9bcc-6ee1-4c64-b47a-33990d517102,True
8c428c18-d420-41cb-a493-236abd6bfa8c,True
ddd0e52a-eef8-4542-a968-b60eff2b0c7e,True
03c6d95f-632e-417f-863d-502e2f584968,True
c0fcf6a0-346a-481b-a652-d347f6cfd6a3,True
ae069653-7aa2-4918-976c-f44d4a3c7bba,True
6b52bd7f-9843-4bc2-922c-e9765f5492c7,True
3666c6f8-9b59-4ad3-8f7f-cda2ef1af31b,True
ae64c993-b689-4e6a-935d-31c526a847dc,True
20652ece-6443-4cb2-bcf0-e93428d8f40e,True
60282c26-fbb4-430c-a259-4c31708e9bfd,True
23ec98aa-660c-47be-b6d1-5d064e499390,True
a7b3b29a-bfec-4b41-9d64-c267a8174f4e,False
fde3149e-ca70-49ad-bfc3-34bcccd0fb3b,True
0986ce51-566b-4d39-8a26-6719dd59c9a7,True
3bf26d8c-2068-4aa1-9d7d-59bedb333871,True
9979b54d-2b09-4a2e-8993-1ca506ff4e80,True
c2f9ea62-9211-405a-9503-6e62fa173097,True
27fb6fb4-d730-4b85-ab80-12c75b351c70,True
8d42d089-7730-4408-ad92-39a1f714a9d1,True
b07d8f27-a707-429b-a637-f063901ba54f,True
96554ea3-75d0-4c20-93a8-043820a991c7,False
51cf7d16-bf3a-4ce7-9039-9dd33dce08f9,True
c846885f-e4af-4e61-b3f1-334c5cc5a56a,True
6c462211-883a-4622-9219-78ffd4968a0b,True
d3f9fa1a-89b7-40ca-93b8-f9cab6838558,True
68a03749-0127-4288-8357-993092100da7,True
42753219-deed-4885-89fa-a9030f3467f0,True
6f2b73d6-0487-48ed-94df-35dc175de302,True
f3340bcc-47c2-4473-8828-5f5fed54be73,True
6ee2b35c-5d83-40c5-8134-c054aa7802fb,True
1226fe48-3f13-4bde-8558-8b35d26d39db,True
c97b85f3-9299-4709-8ca9-d858b406b9ea,True
83af2b12-8798-40c8-aa15-cf77b57b2d5f,True
14465d52-f247-4c01-8819-efe5893fd51f,True
098ea1db-84a7-4b15-858d-7786f84dbda1,True
ce854255-f71e-44bf-ba56-20675368a294,True
89c7cc22-70a8-4a90-be9b-fd4c32b23640,True
3ef4edc2-66d6-4f45-987b-2fba9a9f8617,True
9d9aa4a0-6b4e-4f78-8a87-be66f3d90de3,True
5e0555c8-0e80-4ceb-be90-9016daecda93,True
692d8148-0835-4918-b77a-aee762cfd089,True
3c334f2f-d30f-43cf-a607-4f1ee207226f,True
b370a8e1-2654-4868-ab73-2ed022223583,False
8f81360a-e51c-4286-93d2-1fd96af043e2,True
655535eb-3214-4c0d-9eac-508483be3bf1,True
0022e1af-2cda-4b30-bbe6-52b65d162f87,True
31c4dc72-8eb9-44fd-a86d-cde18fd42fc8,True
a6d0ba46-d94c-4743-8577-c9b870791523,True
fbc4c2fb-c700-467d-886c-9fb76b94fc64,True
47044bc7-98ee-4b7c-8d04-1451de3f8a1b,True
757e2f6d-bf51-4548-bf81-cd8eb2bb3d8c,True
f081b23e-a6a0-43be-b7b8-674d859fc732,True
324b9055-240d-4066-8d4e-b5b7b5f6d783,True
d4d90df8-7971-4921-80c9-3b52d525ede6,True
661be50e-3af3-42cf-96ef-77af68fcfa18,True
3ee2543d-7936-4018-a6b1-e6edd017b5c6,False
53e94d15-8420-467c-ab18-45a7d94f5f2b,True
2d567a65-3c8f-4617-9a0c-330e09d7e7bb,False
d7a0549b-6ff8-40c0-93d2-6f932c97d755,True
91687b64-9573-4c99-9e46-f45ae01f0746,True
46abcd2b-15ae-4efa-9f32-da8e4237c8d2,True
4834e778-a2ad-409b-81f9-b0228378b021,True
78522f43-9c9d-4ef3-89e2-c9c30b687d65,True
d72620d0-455c-4995-add3-2168abae6499,True
77449443-cae7-4f84-b74d-082c01c17cf8,True
526ef0fc-bed8-4d8c-b1af-a42ac223235b,True
0661856a-6026-4f0f-a260-b182fa73f1d0,True
72a64558-00bf-4757-acbb-c93d604dd2cc,True
2fedbb2e-c6fa-436f-b845-09edaca7f411,True
beaa037b-800f-4374-942c-fa6c40da4150,True
b63e1c0f-feb1-42ff-9501-53ffa29d4134,True
c6a7cb01-5187-481e-b337-d6cc9dbf0bc2,True
a7dba510-adff-466a-a3aa-4c97c6dbed51,True
915233b2-cfba-4d86-9ad0-f01f42dea54c,True
ca6d7e8c-2650-49a6-b1e7-4201bde30ef4,True
f33e9a2a-9bbe-4b91-b0e2-223137660ee6,True
7664c204-fd09-43be-a110-6a60f779629f,True
506fb032-7f5e-42dd-946e-9636b131abc4,True
3f05a346-c0e5-452f-b2ba-76a89638344c,True
6e8efb84-38a3-452a-92d2-5b6ea79102f1,True
2bfa6200-b8af-4bae-9bf6-5a80b0a1cefc,True
8eca044b-1bd5-4f48-aee9-2500c742a070,True
a7c62744-15c7-4227-b73a-27d0d7636634,True
b14b0112-ba59-4c6a-a1f1-1b7cce60d0b4,True
29c37073-40c3-424a-a965-8a7a6b40f3de,True
a6d93cdc-9119-4c5b-83ca-f716595e77cf,True
34d1f33b-1aea-40b5-9c3e-c19b75e12e95,True
5a38ca85-0675-4f4d-a1e4-c12b6c6ed652,True
866c67a8-c471-4a24-b03c-545db728a178,True
5ab59d3c-9bb4-428a-a442-c1711918032b,True
e2d0fcc2-9652-4b4f-ba65-d246b75178dd,True
57fa358a-a9a1-461a-8fc2-fca5c2881bed,True
cd303e0b-e16d-4a25-a412-17e940f4578d,True
d5f8f4ab-67a5-4ca8-bed2-88255ff90800,True
1029842c-b9c9-4d6d-80bb-3afbd4e8fd33,True
09d16e35-477d-44c3-9ded-78375c3a9418,True
1d9cd999-bb19-4980-a131-b6605941cb49,True
2807f579-b713-4ea0-b1db-45053cc4929e,False
b012f51a-14f2-4349-8dc4-411d59d3d7d1,True
6041a94b-a852-4a89-9def-7a7b61b818d1,True
05665a44-5c8a-4c2b-996b-21c8a8a9e5e6,True
2aa15451-7506-452d-a9b0-69ee9be0ace2,True
4303c03a-32ff-4baa-b857-baf57c80da95,True
74e1bace-e516-47ed-b593-468c7e39ecea,True
396be631-0334-4a9e-8368-baa1d448d268,True
6f3b4231-89f6-491f-8ab4-029310e80b18,True
4fea0d92-dbc4-4fb9-880b-2cebe9bee8a9,True
1190b9bd-4c31-43b1-a6d1-179caeb2186e,True
a98de2db-98cc-4215-a0ba-64cf6b4ce5d0,True
721f7777-5e1f-4866-a21d-9aba8af89a82,False
38ba103b-85bd-48cf-8348-56cfe60baf77,True
7df380a2-86b7-4fd2-890f-0b610f695194,False
2d6058ae-3e33-4713-923e-af7fcab7799d,True
14181e89-6e75-45f6-b96b-0f0113bc13e3,True
07914810-2a68-4f16-9815-3b3f1778bba9,False
2d16fa3d-cdd8-449a-a0c1-216bafb042cb,True
133f15ee-bfc8-4589-bd1e-2ed457d25376,True
432f2abd-b5d1-4f2d-8435-97b2c93269d5,True
1120798e-09f2-4836-b99d-cfad5c80d81f,True
a4c40591-a6b2-4069-acc6-bf2be722ad21,True
35d18b53-a05b-4a88-84c9-380d7ed8ba5a,True
2cf72a2d-a78c-4b1f-b81f-fddda3ec7dc8,True
b4a6c3a4-241b-4416-aef6-0b878af713bc,True
629a5648-edcb-49bf-a479-65a166601c47,True
df690003-4f91-44c2-ba83-3ad3477f6d83,True
4e02bd84-f235-4bed-bc01-d523b60ef3bc,True
642d76bf-9f8d-4188-8526-6d1aaeeb9acf,True
8acc838c-fac6-4dc0-9031-f4a3e7d10972,True
73c98986-ef66-4b3b-b6cb-684e9156cab9,True
a1aac3b9-20cc-4c7c-a1b5-ea7ceb9bd430,True
76cb2ff1-1466-452d-a435-6f7c2690ca92,True
4118b060-af1f-44d5-a8f0-36fbe39bae54,True
8472d7a6-c2c6-4070-98bf-7b2b52ac8ca8,True
395c2091-6087-416c-bca8-f1aaf80acd2c,True
3cf60a41-2c82-4ab4-adda-7e3afdcf58e0,True
53194243-adf1-4a49-b104-137e4da385a6,True
67a0dc48-1941-49ca-b451-bdc91fad8c75,False
4d3c526a-6f9f-4c79-b2f1-f625245bf2bc,False
52d548a2-410b-4e58-ac70-2694986d28be,True
8f6fb010-347c-4020-bd3d-f46e206eb051,True
7ea062ae-8b7d-4a24-b324-6c1b137e0ddc,True
6c6acff9-0039-487f-8f2f-ac063b37e95c,True
941e9f26-9c30-4ffa-9a0d-1677e7f075eb,True
0247b4cc-8ac5-46f2-9d76-743f97983336,True
86a0b2e5-eb20-4b3e-9c28-530d21acaa87,True
82a3b46e-4807-404d-a20a-808c6a1c24e1,False
7c2f3173-2d66-4238-8683-55f64dc1b6bc,True
a580d8d2-7f2e-461f-bd73-b9e0133f8ab4,True
5ad3d50f-28b4-4871-8d4a-64ce963c0640,True
37d4918c-0009-47ed-9d7a-2a41a8ebd5f5,True
c327a2a6-5a33-4c44-9d0c-b0e0ac5a8007,True
74832178-f78a-400a-b074-517f4bbd840b,False
ef5835ff-3a6b-4adc-b2ba-7b2d66ed7cd1,False
f4096eba-876f-4bea-a85e-57db703b96a8,True
02a285e6-d7d6-4955-8582-ddf6e629d458,True
a22059fa-9066-4e8a-8247-c58426686da6,True
43da7368-bff3-4c46-b533-262cf81642e6,True
c8a8449e-256f-416a-b042-72ab8985c652,True
a57359c9-2e17-4136-b60d-b2eecd760ace,True
f5a0514a-6934-4f61-828c-b319f8fcbdc7,True
f71d771c-ac55-41c2-b027-ab9aa7bb16dc,True
70fea09b-ca31-4277-97f1-c4c726912573,True
1749f95f-6f0b-4861-9b8f-19d07904b0bc,True
a7f1a58f-e061-4795-8c81-8d1132042691,True
e05b3537-a04d-442c-83c7-19d2c2bdc7ed,True
6244e84b-a976-421a-addd-b6f9ee277ad7,True
e38a4493-e3b8-4aaa-bac1-0ccfcf7795e5,True
6a0f2994-401f-4945-976a-ab0fb11b6a64,True
95f636ec-3c0f-4e4b-ad78-73d3583ee12c,True
bd2787c0-be2d-4890-89f1-d5890727baac,True
56183aae-d650-4fa5-a91b-77ba4e656a6b,True
ff333621-a169-4919-b205-6b0eda405cba,True
183effe6-ce05-477b-b7a6-7cd0059f85fd,True
dfdb9a12-bf67-4d81-8bb0-6d1913a84b04,True
c10ebf9a-a119-44a6-970c-8374e3d1ae6a,True
926cdb50-d62b-4c08-8719-db35635caaad,True
f638c83c-e9fa-48b2-ae9d-d8d526866ff0,True
893db3ad-4647-4d9f-8ef3-ddf07a257810,True
6f72adfa-a838-4138-894a-04cada14b425,True
9a28849b-b465-41d7-a21a-280d1d112c86,False
eb409d55-cfdb-41fd-a06b-cd143a3a13f6,False
74c384de-8c85-44d1-976c-46f4c44c5d46,True
41a2ec19-f46c-4fef-9e7d-97e88ecbe951,True
74424581-1fa9-4a42-b888-90739f689c16,True
55e7a099-749e-49d3-8441-99a6478bb71d,True
4bf57b26-919f-44a1-9625-06ed0a030f3f,True
bef586c2-2d41-4ac4-bdcb-f8f4ddb0bfa6,True
20abfe2d-69eb-459a-bd71-32137443fddb,True
55fc7f3d-d0f3-417f-aa21-fd69d4ceefec,True
c607ec21-adfd-4a91-b271-55fe4740a9f4,False
8dbc3f86-4263-4c3a-90dd-6ab7ccbd9570,True
5693cacc-395c-4985-8de2-45d40b66d9e4,True
cb04fa3c-09be-48ba-b33d-244ddb99d5ca,True
24164b1c-0ffb-44db-8be9-9fcba1e264bc,True
18ddce1a-f065-41b1-9b1c-ab5488004856,False
4e46b1b2-f7fb-4933-931e-518c8871b0c8,True
8b008b4d-a7cd-4b1e-83a1-55e97ea424de,True
d2db5b30-107f-46fe-bf1d-769f70e5cde6,True
88cc5401-434f-4872-8511-aeff9ce7f691,False
4d8168a4-1b21-4af8-9ae4-bd150fb41ac7,True
d339fb36-35bb-4d65-8a9c-3617e1ece92f,True
0ca02401-01f1-4885-ae23-a91fdb54b8e7,False
69455ebe-a1bf-4172-a4cb-e5560fab53b4,True
66f42d7a-4116-427b-8e8d-b46a484d086f,True
5794bba8-fb29-4e61-9b29-64c5f86f2fe0,True
01393b21-64b1-4825-a0d7-bd8b81fc807c,True
bf5aaaa4-55d4-475b-a308-de1c9d8c266f,True
39a5d52c-c1b6-4db0-b1a4-68028d5f2f75,True
876e2c1b-cfa9-49e3-acb2-f5f6af15ce98,True
27991282-ceb8-4678-b05d-3cc71c46416a,True
0a915453-bfda-4925-adf5-ba752b06b68e,True
187a9b04-1c37-458e-b993-190610c524f3,True
a2b88712-2799-4036-9ced-5ac944a568b0,True
82e580ce-c6ea-453c-b0a0-68d446c85faf,True
679e20b6-504b-428b-bd0a-543931da1c33,True
1bd5acd5-add6-494b-bae7-5c75789327dd,True
bf03f641-a97c-4d69-a318-e6057352174e,True
278e5aa8-20b5-4dda-a81f-089645857033,True
5bb81bb7-fa4e-47f2-a3c2-b01dd9c4aa81,True
6e8ef53b-a533-49e4-b219-862f6e50b93b,True
93ef63ea-561a-44a7-90d8-0c33a4a43370,True
90667a70-89bb-4e23-8cd9-1145d82e3a0c,True
3e883606-bb87-4b41-9b2d-c099542f688d,False
ed5d2e7a-b89f-4abf-b4ed-3f88f9037942,True
8d59c31e-85dd-41ee-8a65-f9b8915b52b4,True
6d2643dc-ebec-412a-9c4a-10b9c8dd71b0,True
b74641e4-6209-4132-b9cb-775b9665a45c,True
7e5074bc-e4db-4170-b90c-8555a01779e7,True
b8099857-4cc8-4ba9-ba74-553bdb19f723,True
b77806ee-8f4d-4be3-ae17-95e7781db102,False
b34fff8b-feca-476c-97ed-a765d27aea57,True
237724f6-fd6a-4e32-8642-fa3f80352725,True
f5fd699e-df14-4525-8923-84666eca3ab9,False
7b5ca67c-0578-4e3b-928c-0885bbfb234d,True
39bf40cb-649c-4795-9ef0-169f465a387b,True
64101824-5b6d-44bf-a15d-4c1b6afa5528,True
db0af963-6099-4aad-aafe-01b0ceff3071,True
2dd71d44-cfbb-4b98-bd5e-4302fa420e5b,True
73a46e88-2d0e-4768-b402-3b32417937df,True
6d54d992-0e21-45d0-8729-89a7a90f6872,True
f0e796f4-804e-46b7-aec9-38f789505177,True
be2c8289-a632-498d-9792-95137a88ea32,True
7f80736e-68c0-4193-aed4-f2b998ca4176,True
fa1273f5-5536-4136-bc73-b1c160148351,True
4ef729cf-3009-4231-8a46-cb86ec0eafd8,True
21ebd3ee-1fb4-4f49-844b-f9c6865c3e99,True
7141b4ba-a781-4347-8aed-b6cf76a050fd,True
f4066671-8108-4560-96f1-f855c353ff9f,True
9f3a1771-4bf0-4202-af0e-3f723da7470a,True
64683259-0414-4b18-b5db-b56980e7cefd,True
be15dabc-03c2-429e-9a40-912d149cdba3,True
d9f16c39-e448-45ce-b1f4-02706006b073,True
3abbba47-3992-4624-be60-c3f6ee308f6d,True
a6dbcd44-360c-46c2-b8e4-787795ba40e1,True
d35e8479-9252-4456-94f3-cd1b90a07f7e,True
21d0451d-04ad-4c59-aff6-0431bebdecfe,True
5c12d2a2-326f-4bb6-bf51-6600e266e526,True
3a067207-3b13-4535-9347-d00e1586c04e,True
7a9a37a9-5154-4907-ab18-41550c01e48b,True
51c75343-3587-4ae4-8fd4-88cf4fba531a,True
1b61085c-033d-4e5d-9f36-affd61e60a28,True
692d6c05-ecbe-4076-bf83-608395297b99,True
85a0a276-cbd7-4469-8486-89c2797d6a56,True
9bc5f1ff-22cb-428f-a58b-d153322fb2d4,True
6c15d21b-4215-449e-8244-2d3a3f80ed91,True
13df48cc-5d4e-44f6-98c8-55348282c4b8,True
0e85c766-bde5-4473-962e-a93f879e3b49,False
9c389515-c4a0-4afc-af2f-7169f445162f,True
e178ba1c-9e04-4073-9d5e-333a301c3222,True
2ad55215-c6ff-4c97-90db-063cc66a8b83,True
548f0aa4-7bcd-4d89-9e10-cae049717afa,True
307ac772-c34f-4460-9d77-1fc2668f36ce,True
f4695155-16a5-4921-a366-39ba86ae19cd,True
cd3efea4-2aa0-49d3-97f8-095375177a36,True
6f0cf79b-7005-47fa-9779-baf5d8ed908d,True
c72de252-7284-4982-a68d-61e23c1cfb6a,True
b2ffca71-a29c-40fc-a838-a0aa179de2fa,True
3d196e9b-ce7d-4e14-bca3-bd9d0b7f672d,True
7c6f979e-ecb5-484a-8043-41f8eaa39fe4,True
9b567062-d1ed-484a-8795-517cb1f74218,True
1588984d-535b-407e-9d67-8c389dc60ce3,True
bdd62aec-561a-45b9-bcae-279fc388b7a2,False
052de685-f726-4baf-8369-9c56e11052df,True
216c1a17-37d9-4d59-8c1e-5f1a929010bd,False
27262102-1fcd-4b1d-aa55-58acb86d385f,True
f540ac28-59b3-4daf-9977-90e5b18ca94d,True
1c0f71c9-b269-41db-ae39-e90d9ca78e20,True
47a5415a-d15f-4233-bf12-c66917a7d3e8,True
fa4ac14e-2f4b-47b1-a809-5713a5604b4d,True
93df66f1-d997-4bc3-a0e9-0bc56d120712,True
40e2d57f-50cc-43c2-8e30-6b9a135a517e,True
97db45b9-7d12-4764-bc8c-715fff2df465,True
ca3f69aa-f2d6-484b-a3be-ef2719d1d1dd,True
838d85e9-7669-4b54-a486-4676ead39601,True
cda27f41-ae0a-47e1-bac7-ed2fb01561c1,True
a61e16e6-eaa9-4259-9988-4970103e7a03,True
fb3a810a-f52e-4bdd-b066-670c42af4616,True
27c80490-9b17-4b39-94e1-4e8eb364f690,True
f05c90ba-f5c1-4afc-b840-2068927a8a57,True
892642d2-dfc5-47ed-9ca7-e90fe1321c6a,True
c5a83a45-8ca0-43ed-9d26-13c8ed91d67e,True
6310b274-330a-4bbf-a9d7-c9c926919946,True
3621c8a6-7855-45ba-a211-e9267a628f7c,False
2efb8ca0-f7c6-435c-9498-d7c4c8a97d52,True
e792ae08-710b-497a-bd3b-50315c6be2bd,True
ee801ffb-88cc-4d32-96ee-54d4f911ef75,True
4e1388d3-a14d-4800-84ac-e87eed0d513f,True
6f8bcf3f-f2e0-4e3b-a4e5-3844df93e120,False
496906ab-a5fb-4e5a-a87d-6fadb3a9948c,False
9ecf27e6-6057-4ed6-b12d-f159cfdf364a,True
cd6ff03d-56bd-4615-a670-a4dd03165c17,True
4c449610-afe1-45a7-9fc5-ce08dac5a33c,True
8a51fb8b-0331-42b0-9dc8-a6ed6ff4af12,True
4785274b-8a57-4c92-a13b-a9584fdfc25f,True
c021d78d-c81b-481a-a509-2d4b25f34421,True
2e53e234-c5f2-445b-8e8a-e3b2f17c8c03,True
b599c918-b28a-46ae-a3f6-c32a4be6a1ec,True
71e7a747-be89-467a-ba13-f835dc1c0e5f,True
d4a27b98-118e-4a09-9329-6fb7cc0b4111,False
be10a265-8cad-42f4-9b15-c64994d19f50,True
8d440de8-6890-4841-b759-702911814fa3,True
082894f2-dbe5-49cf-b98d-57b905caf487,True
a510dfa8-589a-40d8-9382-4cbb03af6c01,True
e605f06e-089d-46f0-9959-923f92d77d6a,True
97027590-1b6e-4332-907e-746738da08fb,True
1fd6524d-67eb-4197-b49d-52ea03f1ab0c,True
00cf70ef-b0ce-45ca-a8df-da3b88ad470b,True
d5d75f38-7bcd-4413-b298-d3dcb94d56b2,True
c3f24570-dd98-4326-9736-256e103c67ed,True
6940a42a-65d3-4ee9-94ea-ae828b5aae82,True
cd3a40f7-d156-4965-84da-696c6d866bb4,True
abf026da-5729-4e03-a553-f645005ec16f,True
58b7c92c-0b58-4f9a-8b05-496328152881,True
8b20789e-3be1-492c-9332-7546fcf29e00,True
6394028e-2eff-4e90-8714-2dba7ac6829f,True
c4cbf621-1387-4270-9f7d-8b671591d55f,True
a5231ed0-24e1-4f53-852a-b009603ff102,True
694fb256-2bb6-4af0-957c-6d889aff87f9,True
2cbd9151-77f1-4555-8bbb-b17a5ab0e9e3,True
6b8e2d20-9505-4f53-aaa5-3e98e84f567c,False
27f17908-3a4a-4350-adae-2c7d49dfa5b7,True
8e8cd165-3c37-414f-92c7-6142cad697e9,True
ac6755a3-ed4e-49fe-984d-30dae4f90b06,False
2c428e9c-2d20-4610-9251-6f7d6bb25bf4,True
fa235e2a-cf9e-4e61-8464-2064f332c9ca,True
1514219b-6c61-4252-805f-67ad0fefdc99,True
4c57170b-d664-4e44-937d-ab827cb33b34,True
0cec1e8b-550e-4075-b9b4-cb3921126f50,True
da3b6d62-493c-40b5-ab11-4a20d17dab8b,False
cf507bb1-128f-4977-86ef-3cb5ce8521f0,True
febe574c-de1f-46e8-be1c-6e19015adc0b,True
b8e05ee0-7566-4b54-bea9-5109895ea5f4,True
54ef5250-5fc9-4f22-9db3-60b6486243b4,True
3ad347b7-8018-4249-a12e-7bfa1c3bc2a4,True
c08a6062-8221-4621-8149-a9abb988b201,True
6fd305a9-4fa5-4c39-8708-50d9e6caea20,True
003fa936-f16d-4724-bcf6-b6b28c4bba65,True
e05d30a2-0570-4352-be2b-c57b8399bf7b,True
ae6e7261-fe85-4cf1-aac0-2b93907d20d5,False
588c868d-9cf9-4c6c-923a-c9bb9d92973f,True
f563b79d-7a58-4949-862d-444e90b98edb,True
be1c7632-ede9-4969-b469-26ccd8619f29,True
fd2c9d96-8add-423b-bf40-3e861240809a,True
d01c4217-f6d7-4163-ae4a-2b039caee653,True
b2fdfcd9-6356-44a4-b079-bef4c0f8417c,True
d9ded6b9-cb4d-46e4-8bd7-e7b79b45f3dd,True
b13eb607-9a48-4b80-935c-7ca9cb730438,True
53c69115-a8d4-4dd3-98f2-e5b021371a0f,True
b3e8689c-4453-4ce2-8f51-0a4f2b29de09,True
